<?xml version="1.0"?>
<doc>
    <assembly>
        <name>framework-leads-webapi</name>
    </assembly>
    <members>
        <member name="M:FrameworkLeads.Controllers.LeadController.Get">
            <summary>
            Recupera todas as leads do sistema
            </summary>
            <returns></returns>
        </member>
        <member name="M:FrameworkLeads.Controllers.LeadController.GetById(System.Int32)">
            <summary>
            Recupera uma Lead do sistema a partir do seu ID.
            </summary>
            <param name="id">ID da lead a ser recuperada.</param>
            <returns>Lead recuperada.</returns>
        </member>
        <member name="M:FrameworkLeads.Controllers.LeadController.Create(FrameworkLeads.Models.Lead)">
            <summary>
            Cria uma lead
            </summary>
            <param name="lead">JSON da lead a ser criada. Não informar "id" ou "dateCreated"</param>
            <returns>ID da lead criada</returns>
        </member>
        <member name="M:FrameworkLeads.Controllers.LeadController.Update(System.Int32,FrameworkLeads.Models.Lead)">
            <summary>
            Modifica uma lead
            </summary>
            <param name="id">ID da lead a ser modificada</param>
            <param name="lead">JSON com os novos dados da lead a ser modificada</param>        
        </member>
        <member name="M:FrameworkLeads.Controllers.LeadController.Delete(System.Int32)">
            <summary>
            apaga uma lead do sistema
            </summary>
            <param name="id">ID da lead a ser apagada.</param>
        </member>
        <member name="M:FrameworkLeads.Controllers.LeadController.acceptLead(System.Int32)">
            <summary>
            Aceita uma lead.
            </summary>
            <param name="id">ID da lead a ser aceita.</param>
        </member>
        <member name="M:FrameworkLeads.Controllers.LeadController.rejectLead(System.Int32)">
            <summary>
            Rejeita uma lead.
            </summary>
            <param name="id">ID da lead a ser rejeitada.</param>
        </member>
    </members>
</doc>
